{"cameraMode":{"drawMode":0,"name":"Shaded","section":"Shading Mode"},"sceneLighting":false,"audioPlay":false,"sceneViewState":{"m_AlwaysRefresh":false,"showFog":true,"showSkybox":false,"showFlares":true,"showImageEffects":true,"showParticleSystems":true,"showVisualEffectGraphs":true,"m_FxEnabled":true},"in2DMode":false,"pivot":{"x":-0.15320944786071778,"y":-0.019130557775497438,"z":-5.086913585662842},"rotation":{"x":-0.0009647945989854634,"y":0.9985853433609009,"z":-0.01947489008307457,"w":-0.04947040230035782},"size":4.427273273468018,"orthographic":false}