{"cameraMode":{"drawMode":0,"name":"Shaded","section":"Shading Mode"},"sceneLighting":false,"audioPlay":false,"sceneViewState":{"m_AlwaysRefresh":false,"showFog":true,"showSkybox":false,"showFlares":true,"showImageEffects":true,"showParticleSystems":true,"showVisualEffectGraphs":true,"m_FxEnabled":true},"in2DMode":false,"pivot":{"x":4.7401509284973148,"y":-3.5318007469177248,"z":-0.6899930834770203},"rotation":{"x":-0.25390827655792239,"y":-0.6539824604988098,"z":0.24863582849502564,"w":-0.6678563952445984},"size":3.2375216484069826,"orthographic":false}