{"cameraMode":{"drawMode":0,"name":"Shaded","section":"Shading Mode"},"sceneLighting":false,"audioPlay":false,"sceneViewState":{"m_AlwaysRefresh":false,"showFog":true,"showSkybox":false,"showFlares":true,"showImageEffects":true,"showParticleSystems":true,"showVisualEffectGraphs":true,"m_FxEnabled":true},"in2DMode":false,"pivot":{"x":-0.5433816909790039,"y":0.7512065768241882,"z":-0.3372534513473511},"rotation":{"x":0.05199680104851723,"y":-0.6551095843315125,"z":0.04527457058429718,"w":0.7523810267448425},"size":2.256728410720825,"orthographic":false}