{"cameraMode":{"drawMode":0,"name":"Shaded","section":"Shading Mode"},"sceneLighting":false,"audioPlay":false,"sceneViewState":{"m_AlwaysRefresh":false,"showFog":true,"showSkybox":false,"showFlares":true,"showImageEffects":true,"showParticleSystems":true,"showVisualEffectGraphs":true,"m_FxEnabled":true},"in2DMode":false,"pivot":{"x":-1.3723948001861573,"y":0.6451730132102966,"z":-0.5999724268913269},"rotation":{"x":0.11216656863689423,"y":0.6903499960899353,"z":-0.10963837057352066,"w":0.7062691450119019},"size":0.6919400095939636,"orthographic":false}