{"cameraMode":{"drawMode":0,"name":"Shaded","section":"Shading Mode"},"sceneLighting":false,"audioPlay":false,"sceneViewState":{"m_AlwaysRefresh":false,"showFog":true,"showSkybox":false,"showFlares":true,"showImageEffects":true,"showParticleSystems":true,"showVisualEffectGraphs":true,"m_FxEnabled":true},"in2DMode":false,"pivot":{"x":0.2499658465385437,"y":-0.3142392635345459,"z":0.28267306089401247},"rotation":{"x":0.045107852667570117,"y":0.9428146481513977,"z":-0.14279064536094666,"w":0.29784002900123598},"size":1.6741366386413575,"orthographic":false}