{"cameraMode":{"drawMode":0,"name":"Shaded","section":"Shading Mode"},"sceneLighting":false,"audioPlay":false,"sceneViewState":{"m_AlwaysRefresh":false,"showFog":true,"showSkybox":false,"showFlares":true,"showImageEffects":true,"showParticleSystems":true,"showVisualEffectGraphs":true,"m_FxEnabled":true},"in2DMode":false,"pivot":{"x":2.8555591106414797,"y":-1.1979703903198243,"z":-0.07891035079956055},"rotation":{"x":0.1247943714261055,"y":0.6504737734794617,"z":-0.10952336341142655,"w":0.7411792278289795},"size":3.5927040576934816,"orthographic":false}