{"cameraMode":{"drawMode":0,"name":"Shaded","section":"Shading Mode"},"sceneLighting":false,"audioPlay":false,"sceneViewState":{"m_AlwaysRefresh":false,"showFog":true,"showSkybox":false,"showFlares":true,"showImageEffects":true,"showParticleSystems":true,"showVisualEffectGraphs":true,"m_FxEnabled":true},"in2DMode":false,"pivot":{"x":0.33508145809173586,"y":1.0843708515167237,"z":0.6955885887145996},"rotation":{"x":-0.0003668863791972399,"y":0.9926023483276367,"z":-0.12150952965021134,"w":-0.0029937592335045339},"size":4.730340003967285,"orthographic":false}