{"cameraMode":{"drawMode":0,"name":"Shaded","section":"Shading Mode"},"sceneLighting":false,"audioPlay":false,"sceneViewState":{"m_AlwaysRefresh":false,"showFog":true,"showSkybox":false,"showFlares":true,"showImageEffects":true,"showParticleSystems":true,"showVisualEffectGraphs":true,"m_FxEnabled":true},"in2DMode":false,"pivot":{"x":1.4748810529708863,"y":-1.1768362522125245,"z":1.0961004495620728},"rotation":{"x":0.16281186044216157,"y":0.3961479365825653,"z":-0.07160081714391709,"w":0.9008129835128784},"size":3.1482741832733156,"orthographic":false}