{"cameraMode":{"drawMode":0,"name":"Shaded","section":"Shading Mode"},"sceneLighting":false,"audioPlay":false,"sceneViewState":{"m_AlwaysRefresh":false,"showFog":true,"showSkybox":false,"showFlares":true,"showImageEffects":true,"showParticleSystems":true,"showVisualEffectGraphs":true,"m_FxEnabled":true},"in2DMode":false,"pivot":{"x":0.04513799026608467,"y":-0.1330178827047348,"z":-4.415099143981934},"rotation":{"x":-0.04149090498685837,"y":-0.09640435874462128,"z":0.004042394924908876,"w":-0.994499683380127},"size":2.591609239578247,"orthographic":false}