{"cameraMode":{"drawMode":0,"name":"Shaded","section":"Shading Mode"},"sceneLighting":false,"audioPlay":false,"sceneViewState":{"m_AlwaysRefresh":false,"showFog":true,"showSkybox":false,"showFlares":true,"showImageEffects":true,"showParticleSystems":true,"showVisualEffectGraphs":true,"m_FxEnabled":true},"in2DMode":false,"pivot":{"x":-0.03718750551342964,"y":0.1973605751991272,"z":0.1547761708498001},"rotation":{"x":-0.006929679308086634,"y":0.9930640459060669,"z":-0.08001281321048737,"w":-0.086002416908741},"size":0.6974047422409058,"orthographic":false}