{"cameraMode":{"drawMode":0,"name":"Shaded","section":"Shading Mode"},"sceneLighting":false,"audioPlay":false,"sceneViewState":{"m_AlwaysRefresh":false,"showFog":true,"showSkybox":false,"showFlares":true,"showImageEffects":true,"showParticleSystems":true,"showVisualEffectGraphs":true,"m_FxEnabled":true},"in2DMode":false,"pivot":{"x":-0.027562975883483888,"y":0.1479492485523224,"z":0.16218531131744386},"rotation":{"x":-0.008182736113667488,"y":0.9917163252830505,"z":-0.09789910167455673,"w":-0.08288902789354325},"size":0.6974047422409058,"orthographic":false}