{"cameraMode":{"drawMode":0,"name":"Shaded","section":"Shading Mode"},"sceneLighting":false,"audioPlay":false,"sceneViewState":{"m_AlwaysRefresh":false,"showFog":true,"showSkybox":false,"showFlares":true,"showImageEffects":true,"showParticleSystems":true,"showVisualEffectGraphs":true,"m_FxEnabled":true},"in2DMode":false,"pivot":{"x":3.2302517890930177,"y":0.35520637035369875,"z":0.053633809089660647},"rotation":{"x":0.0670820027589798,"y":0.8077083230018616,"z":-0.09370733797550202,"w":0.5782114863395691},"size":5.1802191734313969,"orthographic":false}