{"cameraMode":{"drawMode":0,"name":"Shaded","section":"Shading Mode"},"sceneLighting":false,"audioPlay":false,"sceneViewState":{"m_AlwaysRefresh":false,"showFog":true,"showSkybox":false,"showFlares":true,"showImageEffects":true,"showParticleSystems":true,"showVisualEffectGraphs":true,"m_FxEnabled":true},"in2DMode":false,"pivot":{"x":-4.508970737457275,"y":-145.0643310546875,"z":-10.198688507080079},"rotation":{"x":0.47277748584747317,"y":-0.055447544902563098,"z":0.02982719987630844,"w":0.8789456486701965},"size":102.43414306640625,"orthographic":false}