{"cameraMode":{"drawMode":0,"name":"Shaded","section":"Shading Mode"},"sceneLighting":false,"audioPlay":false,"sceneViewState":{"m_AlwaysRefresh":false,"showFog":true,"showSkybox":false,"showFlares":true,"showImageEffects":true,"showParticleSystems":true,"showVisualEffectGraphs":true,"m_FxEnabled":true},"in2DMode":false,"pivot":{"x":0.062210291624069217,"y":0.05106646567583084,"z":-0.025860458612442018},"rotation":{"x":0.05481339246034622,"y":0.9253531694412231,"z":-0.14696040749549867,"w":0.3451399505138397},"size":0.5841898918151856,"orthographic":false}