{"cameraMode":{"drawMode":0,"name":"Shaded","section":"Shading Mode"},"sceneLighting":false,"audioPlay":false,"sceneViewState":{"m_AlwaysRefresh":false,"showFog":true,"showSkybox":false,"showFlares":true,"showImageEffects":true,"showParticleSystems":true,"showVisualEffectGraphs":true,"m_FxEnabled":true},"in2DMode":false,"pivot":{"x":-0.6140364408493042,"y":0.15473376214504243,"z":0.2274097502231598},"rotation":{"x":0.1372101902961731,"y":-0.5187857151031494,"z":0.08478616178035736,"w":0.8395525813102722},"size":1.5516383647918702,"orthographic":false}