{"cameraMode":{"drawMode":0,"name":"Shaded","section":"Shading Mode"},"sceneLighting":true,"audioPlay":false,"sceneViewState":{"m_AlwaysRefresh":false,"showFog":true,"showSkybox":false,"showFlares":true,"showImageEffects":true,"showParticleSystems":true,"showVisualEffectGraphs":true,"m_FxEnabled":true},"in2DMode":false,"pivot":{"x":-0.11276577413082123,"y":-0.7957022190093994,"z":2.884258270263672},"rotation":{"x":0.12045544385910034,"y":-0.10995568335056305,"z":0.01342574693262577,"w":0.986519455909729},"size":6.1464433670043949,"orthographic":false}