{"cameraMode":{"drawMode":0,"name":"Shaded","section":"Shading Mode"},"sceneLighting":false,"audioPlay":false,"sceneViewState":{"m_AlwaysRefresh":false,"showFog":true,"showSkybox":false,"showFlares":true,"showImageEffects":true,"showParticleSystems":true,"showVisualEffectGraphs":true,"m_FxEnabled":true},"in2DMode":false,"pivot":{"x":-25.138961791992189,"y":23.348955154418947,"z":-26.65812110900879},"rotation":{"x":-0.0010504336096346379,"y":-0.713862955570221,"z":-0.0010708068730309606,"w":0.7002838253974915},"size":110.6583023071289,"orthographic":false}