{"cameraMode":{"drawMode":0,"name":"Shaded","section":"Shading Mode"},"sceneLighting":false,"audioPlay":false,"sceneViewState":{"m_AlwaysRefresh":false,"showFog":true,"showSkybox":false,"showFlares":true,"showImageEffects":true,"showParticleSystems":true,"showVisualEffectGraphs":true,"m_FxEnabled":true},"in2DMode":false,"pivot":{"x":4.688343048095703,"y":-9.061927795410157,"z":12.789478302001954},"rotation":{"x":0.30262818932533266,"y":0.017154771834611894,"z":-0.005447882227599621,"w":0.9529396295547485},"size":19.484981536865236,"orthographic":false}