{"cameraMode":{"drawMode":0,"name":"Shaded","section":"Shading Mode"},"sceneLighting":true,"audioPlay":false,"sceneViewState":{"m_AlwaysRefresh":false,"showFog":true,"showSkybox":false,"showFlares":true,"showImageEffects":true,"showParticleSystems":true,"showVisualEffectGraphs":true,"m_FxEnabled":true},"in2DMode":false,"pivot":{"x":-0.12200605869293213,"y":0.18823842704296113,"z":-0.847091555595398},"rotation":{"x":-0.015351257286965847,"y":0.9837672114372253,"z":-0.10367682576179505,"w":-0.14566437900066377},"size":2.235041856765747,"orthographic":false}