{"cameraMode":{"drawMode":0,"name":"Shaded","section":"Shading Mode"},"sceneLighting":true,"audioPlay":false,"sceneViewState":{"m_AlwaysRefresh":false,"showFog":true,"showSkybox":false,"showFlares":true,"showImageEffects":true,"showParticleSystems":true,"showVisualEffectGraphs":true,"m_FxEnabled":true},"in2DMode":false,"pivot":{"x":-0.7737191915512085,"y":-7.428905963897705,"z":-58.94020462036133},"rotation":{"x":0.1745879352092743,"y":-0.011815196834504605,"z":0.002095186384394765,"w":0.9845693707466126},"size":18.096961975097658,"orthographic":false}