{"cameraMode":{"drawMode":0,"name":"Shaded","section":"Shading Mode"},"sceneLighting":true,"audioPlay":false,"sceneViewState":{"m_AlwaysRefresh":false,"showFog":true,"showSkybox":true,"showFlares":true,"showImageEffects":true,"showParticleSystems":true,"showVisualEffectGraphs":true,"m_FxEnabled":true},"in2DMode":false,"pivot":{"x":106.96502685546875,"y":67.87451934814453,"z":-129.48048400878907},"rotation":{"x":0.1593073606491089,"y":0.7884640097618103,"z":-0.22922392189502717,"w":0.5481289029121399},"size":13.134689331054688,"orthographic":false}