{"cameraMode":{"drawMode":0,"name":"Shaded","section":"Shading Mode"},"sceneLighting":true,"audioPlay":false,"sceneViewState":{"m_AlwaysRefresh":false,"showFog":true,"showSkybox":true,"showFlares":true,"showImageEffects":true,"showParticleSystems":true,"showVisualEffectGraphs":true,"m_FxEnabled":true},"in2DMode":false,"pivot":{"x":-53.81719970703125,"y":26.478893280029298,"z":81.13850402832031},"rotation":{"x":-0.006887005176395178,"y":0.05637780949473381,"z":-0.00038791558472439647,"w":-0.9983956217765808},"size":289.3875732421875,"orthographic":false}