{"cameraMode":{"drawMode":0,"name":"Shaded","section":"Shading Mode"},"sceneLighting":true,"audioPlay":false,"sceneViewState":{"m_AlwaysRefresh":false,"showFog":true,"showSkybox":true,"showFlares":true,"showImageEffects":true,"showParticleSystems":true,"showVisualEffectGraphs":true,"m_FxEnabled":true},"in2DMode":false,"pivot":{"x":14.389789581298829,"y":-12.155580520629883,"z":27.826894760131837},"rotation":{"x":-0.21443872153759004,"y":-0.19853359460830689,"z":0.04456453397870064,"w":-0.9553148746490479},"size":20.445980072021486,"orthographic":false}