{"cameraMode":{"drawMode":0,"name":"Shaded","section":"Shading Mode"},"sceneLighting":true,"audioPlay":false,"sceneViewState":{"m_AlwaysRefresh":false,"showFog":true,"showSkybox":true,"showFlares":true,"showImageEffects":true,"showParticleSystems":true,"showVisualEffectGraphs":true,"m_FxEnabled":true},"in2DMode":false,"pivot":{"x":-104.44644927978516,"y":77.02471923828125,"z":107.87849426269531},"rotation":{"x":0.28089940547943118,"y":0.6652562022209168,"z":-0.2997339963912964,"w":0.6234723925590515},"size":12.996013641357422,"orthographic":false}