{"cameraMode":{"drawMode":0,"name":"Shaded","section":"Shading Mode"},"sceneLighting":false,"audioPlay":false,"sceneViewState":{"m_AlwaysRefresh":false,"showFog":true,"showSkybox":true,"showFlares":true,"showImageEffects":true,"showParticleSystems":true,"showVisualEffectGraphs":true,"m_FxEnabled":true},"in2DMode":false,"pivot":{"x":13.335289001464844,"y":22.679834365844728,"z":-987.3631591796875},"rotation":{"x":-0.18159684538841248,"y":0.06424326449632645,"z":-0.011898938566446305,"w":-0.9812291264533997},"size":0.8660253882408142,"orthographic":false}