{"cameraMode":{"drawMode":0,"name":"Shaded","section":"Shading Mode"},"sceneLighting":true,"audioPlay":false,"sceneViewState":{"m_AlwaysRefresh":false,"showFog":true,"showSkybox":true,"showFlares":true,"showImageEffects":true,"showParticleSystems":true,"showVisualEffectGraphs":true,"m_FxEnabled":true},"in2DMode":false,"pivot":{"x":-1.5147275924682618,"y":1.0760881900787354,"z":50.441829681396487},"rotation":{"x":0.055438507348299029,"y":0.0344400480389595,"z":-0.0019133876776322723,"w":0.9978662133216858},"size":8.778433799743653,"orthographic":false}