{"cameraMode":{"drawMode":0,"name":"Shaded","section":"Shading Mode"},"sceneLighting":true,"audioPlay":false,"sceneViewState":{"m_AlwaysRefresh":false,"showFog":true,"showSkybox":true,"showFlares":true,"showImageEffects":true,"showParticleSystems":true,"showVisualEffectGraphs":true,"m_FxEnabled":true},"in2DMode":false,"pivot":{"x":0.30627894401550295,"y":4.634905815124512,"z":24.61830711364746},"rotation":{"x":0.05989499017596245,"y":-0.047895193099975589,"z":0.0028771786019206049,"w":0.9970513582229614},"size":1.950145959854126,"orthographic":false}