{"cameraMode":{"drawMode":0,"name":"Shaded","section":"Shading Mode"},"sceneLighting":false,"audioPlay":false,"sceneViewState":{"m_AlwaysRefresh":false,"showFog":true,"showSkybox":true,"showFlares":true,"showImageEffects":true,"showParticleSystems":true,"showVisualEffectGraphs":true,"m_FxEnabled":true},"in2DMode":false,"pivot":{"x":401.45086669921877,"y":325.1185302734375,"z":551.2320556640625},"rotation":{"x":-0.007483154069632292,"y":0.0668463483452797,"z":0.0005013465997762978,"w":0.9977350831031799},"size":1597.36572265625,"orthographic":false}