{"cameraMode":{"drawMode":0,"name":"Shaded","section":"Shading Mode"},"sceneLighting":true,"audioPlay":false,"sceneViewState":{"m_AlwaysRefresh":false,"showFog":true,"showSkybox":true,"showFlares":true,"showImageEffects":true,"showParticleSystems":true,"showVisualEffectGraphs":true,"m_FxEnabled":true},"in2DMode":false,"pivot":{"x":0.5087416172027588,"y":-3.259129524230957,"z":-110.64875030517578},"rotation":{"x":0.11761874705553055,"y":0.010426917113363743,"z":-0.0012350315228104592,"w":0.9930040836334229},"size":49.235687255859378,"orthographic":false}