{"cameraMode":{"drawMode":0,"name":"Shaded","section":"Shading Mode"},"sceneLighting":true,"audioPlay":false,"sceneViewState":{"m_AlwaysRefresh":false,"showFog":true,"showSkybox":true,"showFlares":true,"showImageEffects":true,"showParticleSystems":true,"showVisualEffectGraphs":true,"m_FxEnabled":true},"in2DMode":false,"pivot":{"x":0.7005829811096191,"y":4.518966197967529,"z":24.620319366455079},"rotation":{"x":0.07492940872907639,"y":0.0029916309285908939,"z":-0.0002247798693133518,"w":0.9971848726272583},"size":1.950145959854126,"orthographic":false}