{"cameraMode":{"drawMode":0,"name":"Shaded","section":"Shading Mode"},"sceneLighting":false,"audioPlay":false,"sceneViewState":{"m_AlwaysRefresh":false,"showFog":true,"showSkybox":false,"showFlares":true,"showImageEffects":true,"showParticleSystems":true,"showVisualEffectGraphs":true,"m_FxEnabled":true},"in2DMode":false,"pivot":{"x":4.6847333908081059,"y":0.12400978803634644,"z":-2.354006767272949},"rotation":{"x":0.019589820876717569,"y":0.8837094902992249,"z":-0.037137676030397418,"w":0.4661487936973572},"size":5.205221176147461,"orthographic":false}