{"cameraMode":{"drawMode":0,"name":"Shaded","section":"Shading Mode"},"sceneLighting":false,"audioPlay":false,"sceneViewState":{"m_AlwaysRefresh":false,"showFog":true,"showSkybox":false,"showFlares":true,"showImageEffects":true,"showParticleSystems":true,"showVisualEffectGraphs":true,"m_FxEnabled":true},"in2DMode":false,"pivot":{"x":0.09353262186050415,"y":0.09330389648675919,"z":-0.4270104765892029},"rotation":{"x":0.16904094815254212,"y":0.6340119242668152,"z":-0.14470767974853517,"w":0.7406184673309326},"size":1.429801106452942,"orthographic":true}