{"cameraMode":{"drawMode":0,"name":"Shaded","section":"Shading Mode"},"sceneLighting":false,"audioPlay":false,"sceneViewState":{"m_AlwaysRefresh":false,"showFog":true,"showSkybox":false,"showFlares":true,"showImageEffects":true,"showParticleSystems":true,"showVisualEffectGraphs":true,"m_FxEnabled":true},"in2DMode":false,"pivot":{"x":-0.15695860981941224,"y":-0.03192785382270813,"z":-0.2288588583469391},"rotation":{"x":0.012450144626200199,"y":0.9758336544036865,"z":0.057741280645132068,"w":-0.21042905747890473},"size":0.8116779327392578,"orthographic":false}