{"cameraMode":{"drawMode":0,"name":"Shaded","section":"Shading Mode"},"sceneLighting":false,"audioPlay":false,"sceneViewState":{"m_AlwaysRefresh":false,"showFog":true,"showSkybox":false,"showFlares":true,"showImageEffects":true,"showParticleSystems":true,"showVisualEffectGraphs":true,"m_FxEnabled":true},"in2DMode":false,"pivot":{"x":-7.913351535797119,"y":-5.6886467933654789,"z":-103.39250946044922},"rotation":{"x":-0.014554686844348908,"y":0.6653285622596741,"z":0.012975524179637432,"w":0.7462975978851318},"size":19.245506286621095,"orthographic":true}