{"cameraMode":{"drawMode":0,"name":"Shaded","section":"Shading Mode"},"sceneLighting":false,"audioPlay":false,"sceneViewState":{"m_AlwaysRefresh":false,"showFog":true,"showSkybox":false,"showFlares":true,"showImageEffects":true,"showParticleSystems":true,"showVisualEffectGraphs":true,"m_FxEnabled":true},"in2DMode":false,"pivot":{"x":2.130319833755493,"y":-3.5367908477783205,"z":-93.27323150634766},"rotation":{"x":0.2425081580877304,"y":-0.08862120658159256,"z":0.022251637652516366,"w":0.9658381938934326},"size":19.245506286621095,"orthographic":false}