{"cameraMode":{"drawMode":0,"name":"Shaded","section":"Shading Mode"},"sceneLighting":false,"audioPlay":false,"sceneViewState":{"m_AlwaysRefresh":false,"showFog":true,"showSkybox":false,"showFlares":true,"showImageEffects":true,"showParticleSystems":true,"showVisualEffectGraphs":true,"m_FxEnabled":true},"in2DMode":false,"pivot":{"x":4.312795639038086,"y":1.5083613395690919,"z":-0.00410914421081543},"rotation":{"x":0.06841170787811279,"y":-0.12388325482606888,"z":0.00856154877692461,"w":0.989899754524231},"size":5.7549357414245609,"orthographic":true}