{"cameraMode":{"drawMode":0,"name":"Shaded","section":"Shading Mode"},"sceneLighting":false,"audioPlay":false,"sceneViewState":{"m_AlwaysRefresh":false,"showFog":true,"showSkybox":false,"showFlares":true,"showImageEffects":true,"showParticleSystems":true,"showVisualEffectGraphs":true,"m_FxEnabled":true},"in2DMode":false,"pivot":{"x":-1.8833730220794678,"y":0.6599743962287903,"z":45.77927017211914},"rotation":{"x":0.005998243577778339,"y":-0.021906446665525438,"z":-0.00013221318658906966,"w":-0.9997451901435852},"size":1.5713484287261963,"orthographic":false}